Иванов Иван Иванович|Qw3rt&yU|i.ivanov@gmail.com
Петров Петр Петрович|Pa$$w0rd2024!|petrov.pp@yandex.ru
Сидорова Анна Сергеевna|MyP@ss123!|anna.sidorova@inbox.ru
Кузнецов Дмитрий Алексеевич|D1m@2024Secure|kuznetsov.da@gmail.com
Смирнова Екатерина Павловna|Ek@tep2024!|smirnova.ep@yandex.ru
Попов Александр Владимирович|Al3x@nd3r!|popov.av@mail.ru
Васильева Ольга Игоревna|Olg@2024Vas|vasilieva.oi@inbox.ru
Николаев Михаил Сергеевич|M1kh@il2024!|nikolaev.ms@gmail.com
Орлова Мария Дмитриевna|M@ry2024Pass|orlova.md@yandex.ru
Захаров Андрей Николаевич|Andr3yZ@2024|zakharov.an@mail.ru
Федоров Сергей Викторович|S3rgF@2024!|fedorov.sv@inbox.ru
Белова Юлия Александровna|Juli@2024Bel|belova.ja@gmail.com
Волков Артем Олегович|Art3mV@lk0v|volkov.ao@yandex.ru
Соколова Наталья Петровna|N@t2024Sok!|sokolova.np@mail.ru
Козлов Илья Станиславович|Il-y@2024Koz|kozlov.is@inbox.ru
Лебедева Татьяна Валерьевna|T@ty2024Leb|lebedeva.tv@gmail.com
Егоров Павел Денисович|P@vel2024Egor|egorov.pd@yandex.ru
Новикова Анастасия Романовna|An@st2024Nov|novikova.ar@mail.ru
Морозов Виктор Иванович|V1kt0rM@2024|morozov.vi@inbox.ru
Павлова Елена Сергеевna|Len@2024Pav|pavlova.es@gmail.com
Семенов Алексей Борисович|Lex@2024Sem|semenov.ab@yandex.ru
Голубева Ирина Павловna|Ir@2024Gol!|golubeva.ip@mail.ru
Виноградов Денис Андреевич|D3nV!n2024|vinogradov.da@inbox.ru
Ковалева Светлана Михайловna|Sv3tK@2024|kovaleva.sm@gmail.com
Тихонов Роман Евгеньевич|R0m@2024Tih|tikhonov.re@yandex.ru
Фролова Оксана Викторовna|Oks@2024Frol|frolova.ov@mail.ru
Данилов Константин Юрьевич|K0nstD@2024|danilov.ky@inbox.ru
Жукова Вероника Олеговna|V3r@2024Juk|zhukova.vo@gmail.com
Степанов Артур Вадимович|ArtUr2024@!|stepanov.av@yandex.ru
Максимова Алла Геннадьевna|All@2024Max|maximova.ag@mail.ru
Григорьев Евгений Петрович|EvgG@2024!|grigoriev.ep@inbox.ru
Кудрявцева Лариса Федоровna|L@r2024Kud|kudryavtseva.lf@gmail.com
Борисов Станислав Александрович|St@n2024Bor|borisov.sa@yandex.ru
Комарова Виктория Ильиничna|V1kt0r!@2024|komarova.vi@mail.ru
Андреев Глеб Сергеевич|Gl3bA@2024|andreev.gs@inbox.ru
Зайцева Маргарита Дмитриевna|M@rg2024Zay|zaitseva.md@gmail.com
Герасимов Вадим Олегович|V@d1m2024Ger|gerasimov.vo@yandex.ru
Ефимова Ульяна Романовna|Ul-y@2024Ef|efimova.ur@mail.ru
Тарасов Никита Артемович|N1kTar@2024|tarasov.na@inbox.ru
Сорокина Ангелина Вячеславовna|Ang@2024Sor|sorokina.av@gmail.com
Филиппов Кирилл Львович|K1rF@2024!|filippov.kl@yandex.ru
Мельникова Дарья Евгеньевna|D@ry2024Mel|medvedeva.de@mail.ru
Дмитриев Антон Павлович|Ant0nD@2024|dmitriev.ap@inbox.ru
Блинова Ксения Андреевna|Ks3n@2024Blin|blinova.ka@gmail.com
Крылов Максим Игоревич|M@x2024Kryl|krylov.mi@yandex.ru
Лаврентьева Полина Васильевna|Pol@2024Lav|lavrenteva.pv@mail.ru
Макаров Владислав Денисович|Vl@d2024Mak|makarov.vd@inbox.ru
Суханова Елизавета Константиновna|Liz@2024Suh|sukhanova.ek@gmail.com
Ильин Руслан Тимурович|Rusl@n2024Il|ilin.rt@yandex.ru
Горбунова Арина Максимовna|Ar!n@2024Gor|gorbunova.am@mail.ru
Кузьмин Олег Валерьевич|OlegK@2024!|kuzmin.ov@inbox.ru
Титова Валерия Сергеевna|Ler@2024Tit|titova.vs@gmail.com
Савченко Игорь Александрович|IgorS@2024!|savchenko.ia@yandex.ru
Гусева Элина Витальевna|El!n@2024Gus|guseva.ev@mail.ru
Королев Денис Владимирович|D3nK0r@2024|korolev.dv@inbox.ru
Орехова Яна Станиславовna|Y@n2024Ore|orekhova.ys@gmail.com
Логинов Артем Геннадьевич|Art3mL@2024|loginov.ag@yandex.ru
Шестакова Алиса Дмитриевna|Al!s@2024She|shestakova.ad@mail.ru
Сазонов Виталий Олегович|V1t@2024Saz|sazonov.vo@inbox.ru
Фомина Кристина Игоревna|Kr!st@2024Fom|fomina.ki@gmail.com
Галкин Георгий Сергеевич|G@2024Galkin|galkin.gs@yandex.ru
Давыдова Софья Анатольевna|S0f@2024Dav|davydova.sa@mail.ru
Медведев Тимофей Вадимович|T!m2024Med|medvedev.tv@inbox.ru
Широкова Анжелика Романовna|Anj@2024Shir|shirokova.ar@gmail.com
Калашников Иван Николаевич|Iv@n2024Kal|kalashnikov.in@yandex.ru
Цветкова Диана Артемовna|D!@n2024Cvet|cvetkova.da@mail.ru
Абрамов Петр Дмитриевич|P3tr@2024Abr|abramov.pd@inbox.ru
Воронова Милана Кирилловna|M!l@2024Vor|voronova.mk@gmail.com
Карпов Алексей Викторович|Lex@2024Karp|karpov.av@yandex.ru
Ершова Валентина Степановna|V@l2024Ersh|ershova.vs@mail.ru
Щербаков Владимир Андреевич|Vl@d2024Sher|shcherbakov.va@inbox.ru
Коновалова Алена Игоревna|Al@n2024Kon|konovalova.ai@gmail.com
Баранов Сергей Олегович|S3rgB@2024!|baranov.so@yandex.ru
Зимина Карина Валерьевna|K@r2024Zim|zimina.kv@mail.ru
Трофимов Артур Эдуардович|ArtUr2024@Tr|trofimov.ae@inbox.ru
Субботина Вероника Денисовna|V3r@2024Sub|subbotina.vd@gmail.com
Гаврилов Роман Максимович|R0m@2024Gav|gavrilov.rm@yandex.ru
Колесникова Ульяна Павловna|Ul-y@2024Kol|kolesnikova.up@mail.ru
Еремин Денис Романович|D3n2024Ere!|eremin.dr@inbox.ru
Маслова Юлия Вячеславовna|Jul@2024Mas|maslova.yv@gmail.com
Куликов Игорь Сергеевич|IgorK@2024!|kulikov.is@yandex.ru
Шарапова Анастасия Андреевna|An@2024Shar|sharapova.aa@mail.ru
Семин Валерий Дмитриевич|V@l2024Sem|semin.vd@inbox.ru
Гордеева Арина Алексеевna|Ar!n@2024Gor|gordeeva.aa@gmail.com
Лукин Максим Викторович|M@x2024Luk|lukin.mv@yandex.ru
Михеева Ксения Олеговna|Ks3n@2024Mih|mineeva.ko@mail.ru
Нестеров Артем Ильич|Art3mN@2024|nesterov.ai@inbox.ru
Овчинникова Дарья Сергеевna|D@ry2024Ovch|ovchinnikova.ds@gmail.com
Сорокин Павел Анатольевич|P@vel2024Sor|sorokin.pa@yandex.ru
Власова Ангелина Владимировna|Ang@2024Vlas|vlasova.av@mail.ru
Марков Кирилл Юрьевич|K1r2024Mark|markov.ky@inbox.ru
Котова Елена Ивановna|Len@2024Kot|kotova.ei@gmail.com
Жданов Дмитрий Павлович|D1m@2024Jdan|zhdanov.dp@yandex.ru
Симонова Ольга Александровna|Ol-g@2024Sim|simonova.oa@mail.ru
Данильченко Андрей Валерьевич|Andr3yD@2024|danilchenko.av@inbox.ru
Гришина Валерия Дмитриевna|Ler@2024Gri|grishina.vd@gmail.com
Куприянов Илья Олегович|Il-y@2024Kup|kupriyanov.io@yandex.ru
Антонова Виталина Сергеевna|V1t@2024Ant|antonova.vs@mail.ru
Шубин Артур Денисович|ArtUr2024@Shu|shubin.ad@inbox.ru
Бирюкова Алина Романовna|Al!n@2024Bir|biryukova.ar@gmail.com
Голованов Сергей Викторович|S3rgG@2024!|golovanov.sv@yandex.ru
Селезнева Кира Алексеевna|K!r@2024Sel|selezneva.ka@mail.ru
Ларин Евгений Андреевич|EvgL@2024!|larin.ea@inbox.ru